Language;FGM;FGA;FGK;SPK;FGP;FSP;FGN;SCO;GDP;FSN;FNN;FBN;FGT;FGG;FSG;CGB;FPC;DGR;DGP;CGR;NWD;FVP;FVN;DGD;DPQ;DCN;DNN;DIN;FGC;FGE;FCN;HMP;ARR;GCN;GFN;GFP;GP3;GEI;CSE;EAL;CAL;LKA;LKO;LKP;DMP;DMG;GUN;GAD;GFL;PGL;GGH;GSI;ALP;GIT;UST;GPC;PSC;PCA;PMN;RHM;FRC;NRC;DOR;FFP;NUP;PNP;NUD;NUC;NM1;EAF;NM2;NUA;NGL;ACM;DSN;DSA;DSS;DOC;NEX;PEX;FEX;PDC;PCL;APO;FPO;WAP;AGE;OPK;PPK;POK;TSP;TPP;TDP;TDC;TSA;TAR;TLC;TND;TDA;TNL;LPO;PGE;DPP;GMD;GMC;CEX;PKE;PKP
TP;+;+;+;-;+;0;+;0;0;+;+;+;-;+;+;-;-;+;0;-;-;-;-;-;-;-;-;-;0;0;-;-;+;-;0;0;0;0;+;-;-;-;-;-;0;0;-;+;-;-;0;-;-;-;-;-;+;0;0;-;+;-;-;-;-;+;+;+;-;-;0;0;0;0;0;-;0;0;+;+;+;-;-;+;+;+;-;-;0;0;-;0;0;+;0;-;0;0;0;0;0;-;-;-;0;-;-;0
Rib;+;+;+;-;+;0;+;0;0;+;+;+;-;+;+;-;-;+;0;-;-;-;-;-;-;-;-;-;0;0;-;-;+;-;0;0;0;0;+;-;-;-;-;-;0;0;-;+;-;-;0;-;-;-;-;-;+;0;0;-;+;-;-;-;-;+;+;+;-;-;0;0;0;0;0;-;0;0;+;+;+;-;-;+;-;+;-;-;0;0;-;0;0;+;0;-;0;0;0;0;0;-;-;-;0;-;-;0
SMX;+;+;+;-;+;0;+;0;0;+;+;+;-;+;+;-;-;+;0;-;-;+;0;-;-;-;-;-;0;0;-;-;+;-;0;0;0;0;+;-;-;-;-;-;0;0;-;+;-;-;0;-;-;-;-;-;+;0;0;-;+;-;-;-;-;+;+;+;-;-;0;0;0;0;0;-;0;0;+;+;+;-;-;+;-;+;-;-;0;0;-;0;0;+;0;-;0;0;0;0;0;-;-;-;0;-;-;0
Mus;+;+;+;-;+;0;+;0;0;+;+;+;-;+;+;-;-;+;0;-;-;-;+;-;-;-;-;-;0;0;-;-;+;-;0;0;0;0;+;-;-;-;-;-;0;0;-;+;-;-;0;-;-;-;-;-;+;0;0;-;+;-;-;-;-;+;+;+;-;+;0;0;0;0;0;-;0;0;+;+;+;-;-;+;-;+;-;-;0;0;-;0;0;+;0;-;0;0;0;0;0;-;-;-;0;-;-;0
Aid;+;+;+;-;+;0;+;0;0;+;+;+;-;+;+;-;-;+;0;-;-;+;0;-;-;-;-;-;0;0;-;-;+;-;0;0;0;0;+;-;-;-;-;-;0;0;-;+;-;-;0;-;-;-;-;-;+;0;0;-;+;-;-;-;-;+;+;+;-;-;0;0;0;0;0;-;0;0;+;+;+;-;-;+;-;+;-;+;-;0;-;0;0;+;0;-;0;0;0;0;0;-;-;-;0;-;-;0
Ncs;+;+;+;-;+;0;+;0;0;+;+;+;-;+;+;-;-;+;0;-;-;+;0;-;-;-;-;-;0;0;-;-;+;-;0;0;0;0;+;-;-;-;-;-;0;0;-;+;-;-;0;-;-;-;-;-;+;0;0;-;+;-;-;-;-;+;+;+;+;0;-;0;0;0;0;-;0;0;+;+;+;+;0;+;+;0;-;+;+;-;-;0;0;+;-;-;0;0;0;0;0;-;-;-;0;-;+;-
RG;+;+;+;-;+;0;+;0;0;+;+;+;-;+;+;-;-;+;0;-;-;+;0;-;-;-;-;-;0;0;-;-;+;-;0;0;0;0;+;-;-;-;-;-;0;0;-;+;-;-;0;-;-;-;-;-;+;0;0;-;+;-;-;-;-;+;+;+;-;-;0;0;0;0;0;-;0;0;+;+;+;-;-;+;+;+;-;-;0;0;-;0;0;+;0;-;0;0;0;0;0;-;-;-;0;-;-;0
CT;+;+;+;-;+;0;+;0;0;+;+;+;-;+;+;-;-;+;0;-;-;+;0;-;-;-;-;-;0;0;-;-;+;-;0;0;0;0;+;-;-;-;-;-;0;0;-;+;-;-;0;-;-;-;-;-;+;0;0;-;+;-;-;-;-;+;+;+;-;-;0;0;0;0;0;-;0;0;+;+;+;-;-;+;-;+;-;-;0;0;-;0;0;+;0;-;0;0;0;0;0;-;-;-;0;-;-;0
SFM;+;+;+;-;+;0;+;0;0;+;+;+;-;+;+;-;-;+;0;-;-;-;-;-;-;-;-;-;0;0;-;-;+;-;0;0;0;0;+;-;-;-;-;-;0;0;-;+;-;-;0;-;-;-;-;-;+;0;0;-;+;-;-;-;-;+;+;+;-;-;0;0;0;0;0;-;0;0;+;+;+;-;-;-;0;+;0;-;0;0;-;0;0;+;0;-;0;0;0;0;-;-;-;-;0;-;-;0
RC;+;+;+;-;+;0;+;0;0;+;+;+;-;+;+;-;-;+;0;-;-;+;0;-;-;-;-;-;0;0;-;-;+;-;0;0;0;0;+;-;-;-;-;-;0;0;-;+;-;-;0;-;-;-;-;-;+;0;0;-;+;-;-;-;-;+;+;+;-;+;0;0;0;0;0;-;0;0;+;+;+;-;-;+;+;+;-;-;0;0;-;0;0;+;0;-;0;0;0;0;0;-;-;-;0;-;-;0
Nic;+;+;+;-;+;0;+;0;0;+;+;+;-;+;+;-;-;+;0;-;-;-;+;-;-;-;-;-;0;0;-;-;+;-;0;0;0;0;+;-;-;-;-;-;0;0;-;+;-;-;0;-;-;-;-;-;+;0;0;-;+;-;-;-;-;+;+;+;-;+;0;0;0;0;0;-;0;0;+;+;+;-;-;+;+;-;-;+;-;0;-;0;0;+;0;-;0;0;0;0;0;-;-;-;0;-;+;+
CZ;+;+;+;-;+;0;+;0;0;+;+;+;-;+;+;-;-;+;0;-;-;+;0;-;-;-;-;-;0;0;-;-;+;-;0;0;0;0;+;-;-;-;-;-;0;0;-;+;-;-;0;-;-;-;-;-;+;0;0;-;+;-;-;-;-;+;+;+;-;-;0;0;0;0;0;-;0;0;+;+;+;-;-;+;+;-;-;+;-;0;-;0;0;+;0;-;0;0;0;0;0;-;-;-;0;-;+;-
Cut;+;+;+;-;+;0;+;0;0;+;+;+;-;+;+;-;-;+;0;-;-;+;0;-;-;-;-;-;0;0;-;-;+;-;0;0;0;0;+;-;-;-;-;-;0;0;-;+;-;-;0;-;-;-;-;-;+;0;0;-;+;-;-;-;-;+;+;+;-;+;0;0;0;0;0;-;0;0;+;+;+;-;-;+;-;-;-;+;-;0;-;0;0;+;0;-;0;0;0;0;0;+;-;-;0;-;+;-
Ver;+;+;+;-;+;0;+;0;0;+;+;+;-;+;+;-;-;+;0;-;-;+;0;-;-;-;-;-;0;0;-;-;+;-;0;0;0;0;+;-;-;-;-;-;0;0;-;+;-;+;0;-;-;-;-;-;+;0;0;-;+;-;-;-;-;+;+;+;-;-;0;0;0;0;0;-;0;0;+;+;+;-;-;-;0;-;0;+;-;0;-;0;0;+;0;-;0;0;0;0;-;+;-;-;0;-;+;-
FS;+;+;+;-;+;0;+;0;0;+;+;+;-;+;+;-;-;+;0;-;-;-;+;-;-;-;-;-;0;0;-;-;+;-;0;0;0;0;+;-;-;-;-;-;0;0;-;+;-;-;0;-;-;-;-;-;+;0;0;-;+;-;-;-;-;+;+;+;-;+;0;0;0;0;0;-;0;0;+;+;+;-;-;+;+;-;-;+;-;0;-;0;0;+;0;-;0;0;0;0;0;+;-;-;0;-;+;-
Fel;+;+;+;-;+;0;+;0;0;+;+;+;-;+;+;-;-;+;0;-;-;-;+;-;-;-;-;-;0;0;-;-;+;-;0;0;0;0;+;-;-;-;-;-;0;0;-;+;-;-;0;-;-;-;-;-;+;0;0;-;+;-;-;-;-;+;+;+;-;+;0;0;0;0;0;-;0;0;+;+;+;-;-;+;+;-;-;+;-;0;-;0;0;+;0;-;0;0;0;0;0;+;-;+;-;-;+;-
PCa;+;+;+;-;+;0;+;0;0;+;+;-;-;+;+;-;-;+;0;-;-;-;-;-;-;-;-;-;0;0;-;-;+;-;0;0;0;0;+;-;-;-;-;-;0;0;-;+;-;-;0;-;-;-;-;-;+;0;0;-;+;-;-;-;-;+;+;+;-;+;0;0;0;0;0;-;0;0;+;+;+;-;-;+;+;-;-;+;-;0;-;0;0;+;0;-;0;0;0;0;0;+;-;+;-;-;+;-
SMC;+;+;+;-;+;0;+;0;0;+;+;-;-;+;+;-;-;+;0;-;-;-;-;-;-;-;-;-;0;0;-;-;+;-;0;0;0;0;+;-;-;-;-;-;0;0;-;+;-;-;0;-;-;-;-;-;+;0;0;-;+;-;-;-;-;+;+;+;-;+;0;0;0;0;0;-;0;0;+;+;+;-;-;+;+;-;-;+;-;0;-;0;0;+;0;-;0;0;0;0;0;+;-;+;-;-;+;-
FrM;+;+;+;-;+;0;+;0;0;+;+;0;-;+;+;-;-;+;0;-;-;-;-;-;0;-;-;-;0;0;-;-;+;-;0;0;0;0;+;-;-;-;-;-;0;0;-;+;-;-;0;-;-;-;-;-;+;0;0;-;+;-;-;-;-;+;+;+;-;+;0;0;0;0;0;-;0;0;+;+;+;-;-;+;-;-;-;+;-;0;-;0;0;+;0;-;0;0;0;0;0;+;-;+;-;-;+;-
Gar;+;+;+;-;+;0;+;0;0;+;+;+;-;+;+;-;-;+;0;-;-;+;0;-;-;-;-;-;0;0;-;-;+;-;0;0;0;0;+;-;-;-;-;-;0;0;-;+;-;-;0;-;-;+;-;-;+;0;0;-;+;-;-;-;-;+;+;+;-;+;0;0;0;0;0;-;0;0;+;+;+;-;-;+;-;-;-;+;-;0;-;0;0;+;0;-;0;0;0;0;0;-;-;+;-;-;+;-
Bar;+;+;+;-;+;0;+;0;0;+;+;-;-;+;+;-;-;+;0;-;-;-;-;-;-;-;-;-;0;0;-;-;+;-;0;0;0;0;+;-;-;-;-;-;0;0;-;+;-;-;0;-;-;-;-;-;+;0;0;-;+;-;-;-;-;+;+;+;-;+;0;0;0;0;0;-;0;0;+;+;+;-;-;+;+;-;-;+;-;0;-;0;0;+;0;-;0;0;0;0;0;-;-;+;-;+;+;-
BA;+;+;+;-;+;0;+;0;0;+;+;-;-;+;+;-;-;+;0;-;-;-;-;-;-;-;+;-;0;0;-;-;+;-;0;0;0;0;+;-;-;-;-;-;0;0;-;+;-;-;0;-;-;-;-;-;+;0;0;-;+;-;-;-;-;+;+;+;-;+;0;0;0;0;0;-;0;0;+;+;+;-;-;+;+;-;-;+;-;0;-;0;0;+;0;-;0;0;0;0;0;-;-;+;-;+;+;-
TA;+;+;+;-;+;0;+;0;0;+;+;+;-;+;+;-;-;+;0;-;-;-;-;-;-;-;-;-;0;0;-;-;+;-;0;0;0;0;+;-;-;-;-;-;0;0;-;+;-;-;0;-;-;-;-;-;+;0;0;-;+;-;-;-;-;+;+;+;-;+;0;0;0;0;0;-;0;0;+;+;+;-;-;+;+;-;-;+;-;0;-;0;0;+;0;-;0;0;0;0;0;-;-;-;0;+;+;-
Mes;+;+;+;-;+;0;+;0;0;+;+;+;-;+;+;-;-;+;0;-;-;-;-;-;-;-;-;-;0;0;-;-;+;-;0;0;0;0;+;-;-;-;-;-;0;0;-;+;-;-;0;-;-;-;-;-;+;0;0;-;+;-;-;-;-;+;+;+;-;-;0;0;0;0;0;-;0;0;+;+;+;-;-;+;-;-;-;+;-;0;-;0;0;+;0;-;0;0;0;0;0;-;-;-;0;+;+;+
Cel;+;+;+;-;+;0;+;0;0;+;+;+;-;+;+;-;-;+;0;-;-;-;-;-;-;-;-;-;0;0;-;-;+;-;0;0;0;0;+;-;-;-;-;-;0;0;-;+;-;-;0;-;-;-;-;-;+;0;0;-;+;-;-;-;-;+;+;+;-;-;0;0;0;0;0;-;0;0;+;-;0;-;-;+;+;-;-;-;0;0;-;0;0;+;0;-;0;0;0;0;0;-;-;-;0;-;+;+
Bot;+;+;+;-;+;0;+;0;0;+;+;+;-;+;+;-;-;+;0;-;-;-;-;-;-;-;-;-;0;0;-;-;+;-;0;0;0;0;+;-;-;-;-;-;0;0;-;+;-;-;0;-;-;-;-;-;+;0;0;-;+;-;-;-;-;+;+;+;-;-;0;0;0;0;0;-;0;0;+;-;0;-;-;+;+;-;-;-;0;0;-;0;0;+;0;-;0;0;0;0;0;-;-;-;0;+;+;+
TE;+;+;+;-;+;0;+;0;0;+;+;-;-;+;+;-;-;+;0;-;-;-;-;-;-;-;-;-;0;0;-;-;+;-;0;0;0;0;+;-;-;-;-;-;0;0;-;+;-;-;0;-;-;-;-;-;+;0;0;-;+;-;-;-;-;+;+;+;-;+;0;0;0;0;0;-;0;0;+;+;+;-;-;-;0;-;0;+;-;0;+;+;-;0;0;0;0;0;0;0;+;-;-;-;0;-;+;-
Sav;+;+;+;-;+;0;+;0;0;+;-;0;-;+;+;-;-;+;0;-;-;+;0;-;0;-;-;-;0;0;-;-;+;-;0;0;0;0;+;-;-;-;-;-;0;0;-;+;-;-;0;-;-;-;-;-;+;0;0;-;+;-;-;-;-;+;+;+;-;+;0;0;0;0;0;-;0;0;+;+;-;+;0;-;0;0;0;-;0;0;-;0;0;+;0;-;0;0;0;0;-;-;+;+;+;-;-;0
RE;+;+;+;-;+;0;+;0;0;+;-;0;-;+;+;-;-;+;0;-;-;-;-;-;0;-;-;-;0;0;-;-;+;-;0;0;0;0;+;-;-;-;-;-;0;0;-;+;-;-;0;-;-;-;-;-;+;0;0;-;+;-;-;-;-;+;+;+;-;+;0;0;0;0;0;-;0;0;+;+;-;-;-;-;0;+;0;-;0;0;+;-;-;0;0;0;0;0;0;0;-;-;+;+;+;+;-;0
Cor;+;+;+;-;+;0;+;0;0;+;-;0;-;+;+;-;-;+;0;-;-;-;-;-;0;-;-;-;0;0;-;-;+;-;0;0;0;0;+;-;-;-;-;-;0;0;-;+;-;-;0;-;-;-;-;-;+;0;0;-;+;-;-;-;-;+;+;+;-;+;0;0;0;0;0;-;0;0;+;+;-;+;0;-;0;0;0;-;0;0;+;-;-;0;0;0;0;0;0;0;-;-;+;+;+;+;-;0
Nov;+;+;+;-;+;0;+;0;0;+;-;0;-;+;+;-;-;+;0;-;-;-;-;-;0;-;-;-;0;0;-;-;+;-;0;0;0;0;+;-;-;-;-;-;0;0;-;+;-;-;0;-;-;-;-;-;+;0;0;-;+;-;-;-;-;+;+;+;-;+;0;0;0;0;0;-;0;0;+;+;-;-;-;-;0;+;0;-;0;0;+;-;+;0;0;0;0;0;0;0;-;-;+;+;+;+;-;0
PR;+;+;+;-;+;0;+;0;0;+;-;0;-;+;+;-;-;+;0;-;-;-;-;-;0;-;-;-;0;0;-;-;+;-;0;0;0;0;+;-;-;-;-;-;0;0;-;+;-;-;0;-;-;-;-;-;+;0;0;-;+;-;-;-;-;+;+;+;-;+;0;0;0;0;0;-;0;0;+;+;-;-;-;-;0;+;0;+;-;0;-;0;0;+;0;-;0;0;0;0;-;-;+;+;+;+;-;0
Cas;+;+;+;-;+;0;+;0;0;+;-;0;-;+;+;-;-;+;0;-;-;-;-;-;0;-;-;-;0;0;-;-;+;-;0;0;0;0;+;-;-;-;-;-;0;0;-;+;-;-;0;-;-;-;-;-;+;0;0;-;+;-;-;-;-;+;+;+;-;+;0;0;0;0;0;-;0;0;+;+;-;-;-;-;0;+;0;+;-;0;+;-;+;0;0;0;0;0;0;0;-;-;+;-;0;+;-;0
Pvi;+;+;+;-;+;0;+;0;0;+;+;+;-;+;+;-;-;+;0;-;-;-;-;-;-;-;-;-;0;0;-;-;+;-;0;0;0;0;+;-;-;-;-;-;0;0;-;+;-;-;0;-;-;-;-;-;+;0;0;-;+;-;-;-;-;+;+;+;+;0;-;0;0;0;0;-;0;0;+;+;-;-;-;-;0;+;0;-;0;0;+;-;-;0;0;0;0;0;0;0;-;-;+;-;0;+;-;0
Chi;+;+;+;-;+;0;+;0;0;+;+;+;-;+;+;-;-;+;0;-;-;-;-;-;-;-;-;-;0;0;-;-;+;-;0;0;0;0;+;-;-;-;-;-;0;0;-;+;-;-;0;-;-;-;-;-;+;0;0;-;+;-;-;-;-;+;+;+;-;+;0;0;0;0;0;-;0;0;+;-;0;-;-;+;+;+;-;+;+;+;+;+;-;0;0;0;0;0;0;0;0;-;+;-;0;+;-;0
MdL;+;+;+;-;+;0;+;0;0;+;+;+;-;+;+;-;-;+;0;-;-;-;-;-;-;-;-;-;0;0;-;-;+;-;0;0;0;0;+;-;-;-;-;-;0;0;-;+;-;-;0;-;-;-;-;-;+;0;0;-;+;-;-;-;-;+;+;+;-;+;0;0;0;0;0;-;0;0;+;+;-;-;-;-;0;+;0;+;+;-;+;+;-;0;0;0;0;0;0;0;-;-;+;-;0;+;-;0
VI;+;+;+;-;+;0;+;0;0;+;+;+;-;+;+;-;-;+;0;-;-;-;-;-;-;-;-;-;0;0;-;-;+;-;0;0;0;0;+;-;-;-;-;-;0;0;-;+;-;-;0;-;-;-;-;-;+;0;0;-;+;-;-;-;-;+;+;+;-;+;0;0;0;0;0;-;0;0;+;+;-;-;-;+;+;+;-;+;+;+;-;0;0;+;0;-;0;0;0;0;0;-;+;-;0;+;-;0
TS;+;+;+;-;+;0;+;0;0;+;+;+;-;+;+;-;-;+;0;-;-;-;-;-;-;-;-;-;0;0;-;-;+;-;0;0;0;0;+;-;-;-;-;-;0;0;-;+;-;-;0;-;-;-;-;-;+;0;0;-;+;-;-;-;-;+;+;+;+;0;-;0;0;0;0;-;0;0;+;+;-;-;-;+;+;0;-;+;+;+;-;0;0;+;-;-;0;0;0;0;0;-;+;-;0;+;-;0
Lad;+;+;+;-;+;0;+;0;0;+;+;+;-;+;+;-;-;+;0;-;-;-;-;-;-;-;-;-;0;0;-;-;+;-;0;0;0;0;+;-;-;-;-;-;0;0;-;+;-;-;0;-;-;-;-;-;+;0;0;-;+;-;-;-;-;+;+;+;+;0;-;0;0;0;0;-;0;0;+;-;0;-;-;+;+;0;-;+;-;0;-;0;0;+;-;-;0;0;0;0;0;-;+;-;0;-;+;+
SaG;+;+;+;-;+;0;+;0;0;+;+;+;-;+;+;-;-;+;0;-;-;-;-;-;-;-;-;-;0;0;-;-;+;-;0;0;0;0;+;-;-;-;-;-;0;0;-;-;+;0;0;-;-;-;-;-;+;0;0;-;+;-;-;0;-;+;+;+;-;-;0;0;0;0;0;-;0;0;-;0;0;-;+;-;0;-;0;-;0;0;-;0;0;+;0;-;0;0;0;0;-;0;-;+;+;0;0;0
CGA;+;+;+;-;+;0;+;0;0;+;+;+;-;+;+;-;-;+;0;-;-;+;0;-;-;-;-;-;0;0;-;-;+;-;0;0;0;0;+;-;-;-;-;-;0;0;-;-;+;0;0;-;-;-;-;-;+;0;0;-;+;-;-;0;-;+;+;+;-;+;0;0;0;0;0;+;-;0;-;0;0;-;+;-;0;-;0;-;0;0;-;0;0;-;0;-;0;0;0;+;-;0;-;+;+;0;0;0
CGB;+;+;+;-;+;0;+;0;0;+;+;+;-;+;+;-;-;+;0;-;-;+;0;-;-;-;-;-;0;0;-;-;+;-;0;0;0;0;+;-;-;-;-;-;0;0;-;-;+;0;0;-;-;-;-;-;+;0;0;-;+;-;-;0;-;+;+;+;-;-;0;0;0;0;0;-;0;0;-;0;0;-;+;-;0;-;0;-;0;0;-;0;0;+;0;-;0;0;0;0;-;0;-;+;+;0;0;0
CyG;+;+;+;-;+;0;+;0;0;+;+;+;-;+;+;-;-;+;0;-;-;+;0;-;-;-;-;-;0;0;-;-;+;-;0;0;0;0;+;-;-;-;-;-;0;0;-;-;+;0;0;-;-;-;-;-;+;0;0;-;+;-;-;0;-;+;+;+;+;0;+;+;-;0;0;+;-;0;0;0;0;-;+;-;0;-;0;-;0;0;-;0;0;-;-;+;+;0;-;+;-;0;-;+;+;0;0;0
RPG;+;+;+;-;+;0;+;0;0;+;+;+;-;+;+;-;-;+;0;-;-;-;-;-;-;-;-;-;0;0;-;-;-;-;0;0;0;0;+;-;-;-;-;-;0;0;-;-;+;0;0;-;-;-;0;-;+;0;0;-;+;-;-;0;-;+;+;+;+;0;+;+;+;0;0;0;+;0;0;0;0;-;+;+;+;0;-;+;-;0;-;0;0;-;-;0;0;0;0;+;0;0;-;-;0;0;0;0
PhG;+;+;+;-;+;0;+;0;0;+;+;+;-;+;-;-;-;+;0;-;-;-;-;-;-;-;-;-;0;0;-;-;-;-;0;0;0;0;+;-;-;-;-;-;0;0;-;-;+;0;0;-;-;-;0;-;+;0;0;-;+;-;-;0;-;+;+;+;+;0;+;+;+;0;0;0;+;0;0;0;0;-;+;+;+;0;-;-;0;0;-;0;0;-;-;0;0;0;0;+;0;0;-;-;0;0;0;0
Cap;+;+;+;-;+;0;+;0;0;+;+;+;-;+;-;-;-;+;0;-;-;-;-;-;-;-;+;-;0;0;-;-;+;-;0;0;0;0;+;-;-;-;-;-;0;0;+;0;0;0;0;-;-;-;-;-;+;0;0;-;+;-;+;0;-;+;+;+;+;0;+;+;+;0;0;+;-;0;0;0;0;-;+;+;-;0;-;-;0;0;-;0;0;-;+;-;+;0;-;+;0;0;-;-;0;0;0;0
Grk;+;+;+;-;+;0;+;0;0;+;+;+;-;+;+;-;-;+;0;-;-;+;0;-;-;-;-;-;0;0;-;-;+;-;0;0;0;0;+;-;-;-;-;-;0;0;-;-;+;0;0;-;-;-;-;-;+;0;0;-;+;-;-;0;-;+;+;+;+;0;+;+;-;0;0;+;-;0;0;0;0;-;+;-;0;-;0;-;0;0;-;0;0;-;-;+;+;0;-;+;-;0;-;+;+;0;0;0